Cycle_Number,Capacity_mAh_g,Capacity_Retention,Coulombic_Efficiency
1,408.2895382713284,0.9718347904490515,0.95
2,408.6312186233906,0.9735448004287116,0.95
3,409.5217249986723,0.9751380774076606,0.95
4,410.3086528095684,0.9766221498490606,0.95
5,410.23983598805466,0.9780040606827863,0.95
6,411.5395225337178,0.9792903986189307,0.9556186167706234
7,411.8675912638153,0.9804873274418083,0.9625431439839484
8,412.39975168302954,0.9816006134146991,0.9674588761868965
9,412.63355742015096,0.9826356509171792,0.9710491284314107
10,412.8045003323455,0.9835974864290222,0.9736000571506483
11,413.58115421378045,0.984490840967306,0.975392209748907
12,413.81976359293736,0.9853201310764834,0.9767008218929715
13,414.16329796598694,0.9860894884647395,0.9776348712179391
14,414.65063429416693,0.9868027783739421,0.9783105224443557
15,414.870277658345,0.9874636167648568,0.9787865020435645
16,415.3334187921665,0.9880753863940376,0.9791444015660138
17,415.2566939129998,0.9886412518538696,0.9793988750434304
18,415.3259976168327,0.9891641736426339,0.9795395884108379
19,415.6181907022938,0.9896469213271513,0.979674891931547
20,415.9126157305426,0.9900920858565282,0.9797866931263737
21,416.1915824047555,0.9905020910817518,0.9798109995871799
22,415.9083047157867,0.9908792045323511,0.9798479261481049
23,416.3162486503599,0.9912255474980394,0.9799196860893963
24,416.73441483575306,0.9915431044601604,0.9799482966621882
25,416.52743820071635,0.9918337319148732,0.9799441021571497
26,416.84726166495864,0.992099166627302,0.9799588789434454
27,416.87095149817804,0.9923410333533523,0.9799644922535752
28,417.04558973199926,0.9925608520635223,0.9799689226518229
29,416.8151757052957,0.9927600447008301,0.9800007226891387
30,416.8915077336504,0.9929399415029017,0.9799711838613911
31,417.10635654072473,0.9931017869163276,0.9799895011427725
32,416.8910759238404,0.9932467451295859,0.979979972154484
33,417.1698977915279,0.99337590524913,0.9799715441011101
34,417.3109027736929,0.9934902861416542,0.980013063263953
35,417.62561049846636,0.9935908409640679,0.9799893659863831
36,417.41659072437056,0.9936784614013175,0.9800021894170479
37,417.4878901366477,0.9937539816308995,0.9799728348343492
38,417.6107775354313,0.9938181820316876,0.9799864574002991
39,417.25455621084285,0.99387179265357,0.9800128153453437
40,417.4151430267555,0.9939154964633159,0.9800449537853428
41,417.8904125699516,0.993949932381109,0.9799652317250889
42,417.4557186701697,0.9939756981212435,0.9799963334209213
43,417.67580284695873,0.993993352849617,0.9800071025742615
44,417.65286936341226,0.9940034196698324,0.9799891490067675
45,417.2197508433445,0.9940063879489641,0.9800148010857131
46,417.5363696590765,0.9940027154933284,0.9799848034234103
47,417.5030928046152,0.9939928305839323,0.9800026621649447
48,417.52909046603236,0.993977133880649,0.9799908499298828
49,417.32737589050157,0.9939560002035887,0.9800213104767946
50,417.25182609079087,0.9939297801995824,0.9799881615704061
51,417.35282245617213,0.9938988019011902,0.9799938391002663
52,417.40522019781156,0.9938633721851631,0.9800165325449015
53,417.616776041997,0.9938237781368452,0.9799820181878203
54,417.7109907731343,0.9937802883265813,0.9800011995359348
55,417.6163564458888,0.9937331540038048,0.9799681261823582
56,417.4997090774746,0.9936826102141157,0.979980973186627
57,417.14547267666325,0.993628876844315,0.9800066815717323
58,417.22757113424996,0.9935721596000402,0.9799826743002947
59,417.3126557752053,0.9935126509203526,0.9799904761782097
60,417.13672245713605,0.993450530833338,0.9800086225542872
61,417.32478184064036,0.9933859677565282,0.979989871126262
62,417.32219270030316,0.9933191192457006,0.9800143893884994
63,417.26045290511007,0.9932501326953856,0.9800037713001174
64,417.3175958866564,0.993179145994196,0.980007618978517
65,416.9437291335146,0.9931062881378918,0.9800217015092167
66,417.2392403862786,0.9930316798029079,0.9800055929054359
67,416.9175383578296,0.9929554338828921,0.9800269107958175
68,416.84123850096626,0.9928776559906404,0.9800159358154001
69,417.0700015695236,0.992798444927661,0.979990846025591
70,417.1577990013248,0.9927178931234552,0.9800226141152413
71,416.99396612444986,0.9926360870464669,0.9800046143886759
72,416.87600588050947,0.9925531075885294,0.9799930979702955
73,416.8921640378182,0.992469030424518,0.9800048683083595
74,416.8255171691913,0.9923839263488068,0.9800194519851896
75,416.56481374021047,0.9922978615900275,0.9800079576694967
76,416.50753553811336,0.9922108981055274,0.9800318693768564
77,416.67767759364455,0.9921230938568382,0.9800190008711648
78,416.668696504678,0.9920345030673772,0.9800091488416899
79,416.61898995822634,0.99194517646353,0.9799820564738492
80,416.69943517631,0.991855161500185,0.9799968568991809
81,416.50276131976653,0.9917645025717217,0.9800012532374732
82,416.6029060359333,0.9916732412093918,0.9800121824516931
83,416.4384752261702,0.9915814162659718,0.9800111454607029
84,416.74975245808747,0.9914890640885056,0.9800029648642192
85,416.4007694887342,0.9913962186799061,0.9800021046378105
86,416.76359899372466,0.9913029118501363,0.9800125991021595
87,416.3704698770053,0.9912091733576387,0.9799849853395378
88,416.23030338666547,0.991115031041644,0.980029650597073
89,416.0686176101663,0.9910205109459471,0.9799641998500568
90,415.93210159989763,0.9909256374347,0.980025451700103
91,415.9724207262867,0.990830433300737,0.9799992098110183
92,415.95219886289016,0.9907349198669139,0.980017532770728
93,416.13866115558966,0.9906391170809111,0.9800063627162868
94,415.934482156533,0.9905430436039233,0.9800060513306798
95,416.0208723405447,0.9904467168936281,0.9800096926115174
96,416.17510722348277,0.9903501532818048,0.9800141484629552
97,415.89079491957375,0.9902533680469474,0.979994249519676
98,416.235525449483,0.9901563754821937,0.9800180962110494
99,415.61570194700545,0.9900591889588736,0.9799810351509735
100,415.7571784799432,0.9899618209859598,0.9799999067807678
101,415.6470640813252,0.9898642832656838,0.9800146191543216
102,415.86855554040375,0.9897665867455646,0.9800174005249795
103,415.26244944340283,0.9896687416670831,0.9800080581167897
104,415.36301174514693,0.9895707576112158,0.9799931204884378
105,415.55941505479854,0.9894726435410334,0.9800156813170106
106,415.8132158492855,0.989374407841551,0.9799882943535843
107,415.5361180541263,0.9892760583570088,0.9800306280391039
108,415.2141749775769,0.9891776024257487,0.9799985193044854
109,415.2002434758171,0.9890790469128401,0.9799730755557486
110,415.6693645863267,0.988980398240604,0.9799791077866824
111,415.2198085604071,0.9888816624171661,0.980000763224901
112,415.1210572668231,0.9887828450631703,0.9800024452162216
113,415.51005985961143,0.988683951436768,0.9800344446782149
114,415.38555182328054,0.9885849864569968,0.9799818390810013
115,415.39073522013626,0.9884859547256505,0.9800006901013598
116,414.9534846203369,0.9883868605477393,0.9799814732030512
117,414.80954615393784,0.9882877079506306,0.9799913846214827
118,415.0628584209241,0.9881885007019545,0.9800294487232937
119,415.0570951988747,0.9880892423263555,0.9799801281432192
120,415.02062982923354,0.9879899361211629,0.9800102659958713
121,415.17699035826655,0.9878905851710514,0.9800068710286686
122,414.5638921700819,0.9877911923617557,0.9799995772984148
123,414.9834649612618,0.9876917603929009,0.9800090837288933
124,414.59369101047054,0.9875922917900049,0.9799797139628017
125,414.89919256998587,0.9874927889157075,0.9800289651979643
126,414.6206796933163,0.9873932539802746,0.9800336610355497
127,414.5185572197385,0.9872936890514257,0.9800008237507425
128,414.51302869610123,0.9871940960635266,0.9800423744460581
129,414.322530011737,0.98709447682619,0.9799930219368654
130,414.54502151637917,0.9869948330323212,0.9800070026168929
131,414.3585239560947,0.986895166265645,0.9800250403831378
132,414.5939702734994,0.9867954780077471,0.9799919730879739
133,414.52607869016435,0.9866957696446612,0.9799758399455424
134,414.6706331858175,0.9865960424730315,0.9799718148466569
135,414.39360866484617,0.9864962977058774,0.9800360390256803
136,414.3791653234653,0.9863965364779876,0.9799907485989826
137,414.49369384372324,0.9862967598509647,0.9799967518994058
138,414.0910760432873,0.9861969688179448,0.9799805403647753
139,413.8960723748856,0.9860971643080145,0.9800165842309295
140,414.15447925886144,0.9859973471903402,0.9799863323501693
141,413.82389460378425,0.9858975182780333,0.9799914089612489
142,414.4715401894265,0.9857976783317652,0.9800052379100096
143,414.25199697043803,0.9856978280631494,0.9799813923310342
144,414.3360823815114,0.9855979681379053,0.9799968770147329
145,413.9203099441711,0.9854980991788178,0.9800245213587064
146,413.96519112085656,0.9853982217685068,0.9800074891655126
147,413.74356819496586,0.985298336452017,0.9800022828786815
148,413.9404041575756,0.9851984437392419,0.9800037574800897
149,413.525163399399,0.9850985441071903,0.9799931949393691
150,413.24705355007967,0.9849986380021071,0.9800349080247573
151,413.51681045187905,0.9848987258414577,0.9799857972756192
152,413.3565945971538,0.9847988080157836,0.9800036886041265
153,413.8364304888565,0.9846988848904394,0.9800020115275161
154,413.85454098632147,0.9845989568072171,0.9800176408915416
155,413.24003213086587,0.9844990240858649,0.9800192919261651
156,413.67739149144336,0.9843990870255098,0.9799994400661669
157,413.5748770061819,0.9842991459059872,0.9800050830755936
158,413.0844269868446,0.9841992009890851,0.9800057453027055
159,413.2522638896001,0.984099252519708,0.9799602655687244
160,413.17650473054533,0.9839993007269657,0.9799722122967102
161,413.3707813135543,0.983899345825192,0.9799894188544198
162,412.9771633494439,0.9837993880148976,0.9799901789556315
163,413.1361717307989,0.983699427483662,0.9799790273617586
164,412.9897585953909,0.9835994644069668,0.9800131084420263
165,413.1539891623557,0.9834994989489764,0.9800000370462176
166,412.98923939723846,0.9833995312632675,0.9799962454956461
167,412.890604428433,0.9832995614935125,0.9799780327888871
168,412.90588575588146,0.983199589774118,0.9799992210147449
169,413.2640173170067,0.983099616230822,0.9799540654410063
170,412.78568963038754,0.9829996409812533,0.9799971502761209
171,412.632681246897,0.9828996641354547,0.9800011049342543
172,412.879651261211,0.9827996857963719,0.9800042305259865
173,412.7083458695242,0.9826997060603112,0.979972647526673
174,412.4401376903563,0.9825997250173679,0.9800039315177167
175,413.04683841609733,0.9824997427518269,0.9799817878083792
176,412.54519872239797,0.9823997593425372,0.9799857918071985
177,412.4986886876733,0.9822997748632625,0.9800125549369867
178,412.55234361855764,0.9821997893830094,0.9800352221276019
179,412.78967653574193,0.9820998029663343,0.9800008981442979
180,412.14112354341927,0.9819998156736294,0.9799857109158369
181,412.44702091477035,0.9818998275613928,0.9800032994038518
182,412.72722360092143,0.9817998386824784,0.9800164214187231
183,412.3368353292693,0.9816998490863318,0.9800108597917049
184,412.05219512677326,0.9815998588192093,0.9800479706138238
185,412.1199419089273,0.9814998679243842,0.9799874904227875
186,412.2247491018653,0.9813998764423388,0.9800044109373109
187,412.3826795598194,0.9812998844109448,0.9800270869440824
188,412.04359232341756,0.9811998918656315,0.9800259894412494
189,412.2090052579885,0.981099898839543,0.9799658977083741
190,411.7646317692654,0.9809999053636859,0.9799999412830963
191,411.72114908652685,0.980899911467067,0.9800259607882296
192,411.8500829202214,0.9807999171768228,0.9800505505697511
193,412.1497690926842,0.9806999225183393,0.9800123077401914
194,411.8642212209218,0.9805999275153652,0.9799935669333264
195,411.86152416030393,0.9804999321901178,0.9799823514026049
196,411.81743913857633,0.9803999365633815,0.9800388006202174
197,411.92328491385575,0.9802999406546002,0.9800127439820551
198,411.5754284674438,0.980199944481964,0.9799851692974596
199,411.7644127756296,0.9800999480624896,0.9799964472713854
200,411.45217924621716,0.9799999514120962,0.9800054244350502
201,411.9107724635407,0.9798999545456766,0.9800095099036027
202,411.37360574000024,0.979799957477163,0.9799842677785362
203,411.3170207622134,0.9796999602195889,0.9799892592493521
204,411.52976158022494,0.9795999627851476,0.9799710940492593
205,411.40417842617734,0.9794999651852456,0.9800181830050684
206,411.40612798285065,0.9793999674305541,0.979994025893827
207,411.3464225849356,0.9792999695310558,0.9800081548725083
208,411.0700252075993,0.97919997149609,0.980024871967303
209,411.5089787927821,0.979099973334393,0.9800038450133777
210,411.3389359705489,0.9789999750541384,0.9799980244111973
211,411.3797250220335,0.9788999766629722,0.9800033912320463
212,411.0020094634556,0.9787999781680475,0.980001105107995
213,411.12808410321327,0.978699979576056,0.9800217925045935
214,411.04710057527166,0.9785999808932577,0.9800054358349157
215,411.17064558931554,0.9784999821255091,0.9799904797023347
216,411.13438201806815,0.9783999832782889,0.9800183244236714
217,410.92033398942425,0.9782999843567224,0.9800215182869314
218,410.5739753376219,0.9781999853656046,0.9799765957346078
219,411.11856680063477,0.9780999863094209,0.9800268047970426
220,410.85889563188266,0.9779999871923676,0.9800063779539679
221,410.6097640349088,0.9778999880183704,0.9800049537273958
222,410.74831244565183,0.9777999887911019,0.98001760350511
223,410.365196931134,0.9776999895139975,0.9799900849120089
224,410.77972581606605,0.9775999901902714,0.9800166861006319
225,410.28829179726375,0.9774999908229304,0.9799934110802591
226,410.4687135737327,0.9773999914147873,0.9799742065701431
227,410.50948104882673,0.9772999919684735,0.9799825515815861
228,410.60878932638354,0.9771999924864508,0.9800099158826634
229,410.40094959169437,0.9770999929710222,0.9799834659750695
230,410.4529466798811,0.9769999934243423,0.9800281564571067
231,410.29298698704497,0.9768999938484263,0.9800207977797212
232,410.25027223217984,0.9767999942451598,0.9800233187252093
233,410.22920273445175,0.9766999946163069,0.9800021820848567
234,410.13836759306724,0.9765999949635175,0.9800045093952157
235,409.82998494129976,0.9764999952883354,0.9799791247779296
236,409.95132604830616,0.9763999955922048,0.9800174139193094
237,410.08953968256236,0.9762999958764768,0.9800066423967354
238,409.9596838546374,0.9761999961424153,0.9800099208455271
239,409.9342826137102,0.9760999963912025,0.9800295246158969
240,409.8624792877189,0.9759999966239448,0.9799894031278894
241,409.7243787370814,0.9758999968416767,0.9799977940799895
242,409.74828448297046,0.9757999970453666,0.9800057127086464
243,409.7394185232101,0.9756999972359197,0.9799836414275757
244,409.7529137939867,0.9755999974141837,0.9799967193363789
245,409.7799745151908,0.9754999975809507,0.9800086205366282
246,409.63588212522194,0.9753999977369625,0.9799943091448056
247,409.44284039231695,0.9752999978829127,0.9800228911562859
248,409.33530339025435,0.9751999980194499,0.9799735774712738
249,410.0040405387264,0.9750999981471815,0.980019634637028
250,409.2990237785572,0.9749999982666754,0.9800115625840251
251,409.36574446948725,0.9748999983784628,0.979990052521433
252,409.5079652051843,0.9747999984830406,0.97998383426111
253,409.43819056546704,0.9746999985808739,0.979963620733555
254,409.42465287396686,0.9745999986723977,0.9799860942530562
255,409.2112474002639,0.9744999987580187,0.9800183126649387
256,409.290435065333,0.9743999988381179,0.9799990191921217
257,409.2169115714333,0.9742999989130512,0.9800203378093763
258,409.1084765413377,0.9741999989831517,0.9799891599080562
259,409.16565395328405,0.9740999990487312,0.980012365629165
260,409.26773178224465,0.9739999991100815,0.9799874526313863
261,409.03405059607843,0.973899999167475,0.9799831143566108
262,408.99323409021383,0.9737999992211671,0.9799981265960958
263,409.14400795667893,0.9736999992713964,0.9799883712945098
264,409.08300989460923,0.9735999993183863,0.9799730196572466
265,409.1517559482764,0.9734999993623455,0.9799968117432606
266,408.515595304017,0.9733999994034699,0.9800018613059309
267,408.94700556708966,0.9732999994419418,0.9800221806188701
268,408.8510109668406,0.9731999994779327,0.9800163825352638
269,408.54445681403763,0.9730999995116023,0.9800213339468036
270,408.70475315675714,0.9729999995431006,0.9800125973640084
271,408.8049770745147,0.9728999995725675,0.980005816617454
272,408.42850611040427,0.9727999996001339,0.9799785086344384
273,408.61272441299064,0.9726999996259225,0.9800026209134164
274,408.64699932661125,0.9725999996500478,0.980010436524181
275,408.25948311479755,0.9724999996726174,0.980025487173256
276,408.38268958916734,0.9723999996937313,0.9800120015778196
277,408.41953719894735,0.9722999997134834,0.9800216913986048
278,408.1823811995071,0.9721999997319617,0.9799819527760558
279,408.12561301429247,0.9720999997492482,0.9799942917208962
280,408.2159776900793,0.97199999976542,0.980007508337512
281,408.3405984158652,0.9718999997805488,0.9800203023410937
282,408.2705095946272,0.9717999997947019,0.9799974602914245
283,407.9607687764745,0.9716999998079422,0.9799985582134416
284,408.18800985449116,0.9715999998203285,0.9800120164731801
285,407.8813000055179,0.9714999998319162,0.9799803111584628
286,407.70157723553734,0.9713999998427564,0.9800281097375512
287,407.8806911413074,0.9712999998528975,0.9799846259705737
288,408.1037577056708,0.9711999998623845,0.9799664483684766
289,407.97868452890646,0.9710999998712597,0.9800001760483803
290,407.81972035076166,0.9709999998795626,0.9800297020612331
291,407.7038749074781,0.97089999988733,0.9800102556905053
292,407.66666768847045,0.9707999998945964,0.9800131348129152
293,407.7133510023841,0.9706999999013942,0.9800007237399676
294,407.46194252248773,0.9705999999077536,0.9799973352747711
295,407.5480773980253,0.9704999999137028,0.9799729831566519
296,407.5296537078928,0.9703999999192685,0.9799604886307287
297,407.28566606521,0.9702999999244751,0.980003432343104
298,407.3348538300814,0.9701999999293458,0.980022953408574
299,407.51502237216476,0.9700999999339025,0.9800060180917904
300,407.40169197375906,0.9699999999381653,0.9800109052939064
301,407.3030763362765,0.9698999999421533,0.9800276955073742
302,407.15387204119935,0.969799999945884,0.9800057493615472
303,407.55449560262207,0.9696999999493741,0.9799978550498197
304,407.08293727368596,0.9695999999526391,0.9799856859199083
305,407.2347541997656,0.9694999999556936,0.9800353637573217
306,407.06121610373833,0.9693999999585511,0.9800092080863413
307,407.11245347259916,0.9692999999612243,0.9799834986179489
308,407.14540122410784,0.9691999999637249,0.9799795190229031
309,406.77825389741633,0.9690999999660644,0.9800219131471929
310,406.9788230657563,0.968999999968253,0.9799818575766668
311,407.14981101090535,0.9688999999703005,0.9800324192137172
312,407.2093421751207,0.9687999999722159,0.979951795927289
313,406.83087264369493,0.9686999999740078,0.9800248778552081
314,406.81941439034273,0.9685999999756841,0.9800085146488843
315,407.1633597304854,0.9684999999772523,0.9800020739384541
316,406.92988433620604,0.9683999999787194,0.9799969316432751
317,406.57619522928394,0.9682999999800919,0.9800330644328648
318,406.5338930267501,0.9681999999813757,0.9800123648019691
319,406.77215439401255,0.9680999999825769,0.9799842050861408
320,406.3801531326854,0.9679999999837006,0.9799699402942816
321,406.7114886751315,0.9678999999847517,0.9800031005126436
322,406.5354664538931,0.9677999999857352,0.9799999812683853
323,406.52609399494446,0.9676999999866551,0.9799734210708513
324,406.3463312777927,0.9675999999875158,0.979999031297091
325,406.23796453138834,0.9674999999883209,0.9799899632286664
326,406.5680644508558,0.9673999999890742,0.9800001624615172
327,406.2221094955965,0.9672999999897789,0.9800126947022813
328,406.15090141119214,0.9671999999904379,0.9800261022490536
329,406.1677449311845,0.9670999999910547,0.9800158943386581
330,406.1743354561224,0.9669999999916316,0.9799873836924633
331,405.9146331774097,0.9668999999921712,0.9800064514608045
332,405.9555186577304,0.9667999999926762,0.9800011035956212
333,405.9040622659967,0.9666999999931485,0.9799767041873167
334,406.1223614474288,0.9665999999935904,0.9800069641578799
335,405.7724018424658,0.9664999999940038,0.9800324688468395
336,405.57567780141017,0.9663999999943905,0.9800005670652938
337,405.4960862598426,0.9662999999947524,0.9799721214819626
338,405.5424435792285,0.9661999999950907,0.9800005293281029
339,406.0041952290014,0.9660999999954073,0.9799787750187845
340,405.72288288543024,0.9659999999957035,0.9800151024358796
341,405.76716395866123,0.9658999999959806,0.9800091786583339
342,405.7314323327391,0.9657999999962398,0.9799970111838064
343,405.60399419263416,0.9656999999964824,0.9799942087132947
344,405.53869763708747,0.9655999999967092,0.9799962885195774
345,405.69580405426234,0.9654999999969215,0.9800001447015092
346,405.493970268378,0.96539999999712,0.9799864954197248
347,405.674876406725,0.9652999999973058,0.9799757314517388
348,405.4944354253241,0.9651999999974794,0.9800199131752768
349,405.23210421289747,0.965099999997642,0.9799932602403655
350,405.21156804067334,0.9649999999977941,0.9800029211923149
351,405.1285959865067,0.9648999999979364,0.9800049889125773
352,405.43258174748553,0.9647999999980694,0.9800056313833193
353,405.10194810317125,0.964699999998194,0.9799794726748565
354,404.98996483420433,0.9645999999983105,0.9799706934839718
355,405.14688324826386,0.9644999999984194,0.9799897051477369
356,405.0307155708425,0.9643999999985213,0.9800069200670879
357,405.0583988882484,0.9642999999986167,0.9799872698632541
358,405.3001667804631,0.9641999999987059,0.9799937932575188
359,405.08442026374496,0.9640999999987894,0.9800372014450253
360,404.8848047324529,0.9639999999988674,0.9799677278622372
361,404.5874646667439,0.9638999999989405,0.9799867962253376
362,404.70706490234244,0.9637999999990088,0.980033167159202
363,404.8804833951171,0.9636999999990727,0.9799992200737735
364,404.503691077832,0.9635999999991326,0.9799876539744028
365,405.0508433680275,0.9634999999991886,0.9800204390285686
366,404.6305644688304,0.9633999999992409,0.9800009658508646
367,404.59468932464995,0.9632999999992898,0.9799939089026638
368,404.4254147950464,0.9631999999993357,0.980003364081589
369,404.5903614687469,0.9630999999993785,0.979988491219641
370,404.25401054285936,0.9629999999994185,0.9799822064664794
371,404.80309875018486,0.962899999999456,0.9799980134560259
372,404.6103351089879,0.9627999999994911,0.9799823200331144
373,404.5090901326731,0.9626999999995239,0.9800001870009564
374,404.04466557067605,0.9625999999995547,0.9800061977400768
375,404.28653963886757,0.9624999999995834,0.9800149180276598
376,404.4230765645403,0.9623999999996102,0.9800197247639517
377,404.2715036859447,0.9622999999996354,0.9799929046197007
378,403.9457412881243,0.9621999999996589,0.9800087335907814
379,403.96635902345855,0.9620999999996809,0.9800086130805168
380,403.9596080012651,0.9619999999997014,0.9800057327808777
381,403.8906583436806,0.9618999999997206,0.9799916153788356
382,404.2279445860809,0.9617999999997388,0.979982021503923
383,403.57228338863786,0.9616999999997555,0.9800087788362634
384,403.98867721628244,0.9615999999997713,0.9799701509749588
385,403.60012050503576,0.9614999999997861,0.9799953161161848
386,403.6170091856308,0.9613999999998,0.9799553429796748
387,403.3885015207168,0.9612999999998129,0.9799766294543664
388,403.6063322558487,0.9611999999998249,0.9799846609835653
389,403.93073428917324,0.9610999999998361,0.9800191791354863
390,403.66710787279993,0.9609999999998466,0.9800120333963065
391,403.3648312096653,0.9608999999998565,0.9799903129808952
392,403.71693382564996,0.9607999999998659,0.9800127549679519
393,403.713028757155,0.9606999999998745,0.9800155224448928
394,403.4705081559834,0.9605999999998827,0.9799971903484272
395,403.77194837658647,0.9604999999998902,0.9799757904714718
396,403.5141427321045,0.9603999999998973,0.9799963641010782
397,403.44743264232187,0.9602999999999039,0.9799982880913097
398,403.14109215418915,0.96019999999991,0.9799784472617837
399,403.3536038615328,0.9600999999999158,0.9800064187879892
400,403.23856359916175,0.9599999999999212,0.9800048932534059
401,403.25046902146465,0.9598999999999264,0.9800077827535666
402,402.9942234888363,0.9597999999999312,0.980004877711127
403,403.09678668257527,0.9596999999999356,0.9800127632438099
404,402.886693787289,0.9595999999999397,0.9799968639731674
405,402.6080605481846,0.9594999999999436,0.9800035287485098
406,403.12558194738114,0.9593999999999473,0.9799930444547983
407,402.63874973435594,0.9592999999999507,0.9799897784788827
408,402.8830667074269,0.9591999999999539,0.980023402848961
409,402.88123559651046,0.9590999999999568,0.9799642592763461
410,402.8380901842135,0.9589999999999596,0.9800153324769382
411,402.68764489319517,0.9588999999999622,0.9799891481947401
412,402.7442440564127,0.9587999999999647,0.979986883590488
413,402.737777288048,0.9586999999999669,0.9800045743770149
414,402.74273814079305,0.958599999999969,0.9799739502197742
415,402.87835067617027,0.958499999999971,0.9799857296693663
416,402.5696592839412,0.9583999999999729,0.9799851505381079
417,402.49739323506526,0.9582999999999747,0.9799961282634589
418,402.28270784476825,0.9581999999999764,0.9799859375168674
419,402.479547673915,0.9580999999999777,0.9800279998125216
420,402.478716466739,0.9579999999999792,0.980031425606366
421,402.2837924294453,0.9578999999999805,0.9799646400731783
422,402.3728775983899,0.9577999999999818,0.9800095189281228
423,402.18196618493033,0.957699999999983,0.9800150160106986
424,402.311358546074,0.9575999999999841,0.9800094955383416
425,402.31233692725124,0.9574999999999851,0.979988491137734
426,402.2678511031421,0.9573999999999862,0.9799957313408186
427,402.08696256551343,0.957299999999987,0.9799869144303689
428,401.83900678708744,0.9571999999999878,0.9799926505672643
429,401.87315074201337,0.9570999999999885,0.9799788405480091
430,402.04586868968534,0.9569999999999893,0.9799979926125938
431,402.33360339375537,0.95689999999999,0.979973719520888
432,401.7953913841149,0.9567999999999907,0.9799965001157954
433,401.89508601840777,0.9566999999999912,0.9799781652331421
434,401.6730874044584,0.9565999999999919,0.9800036167333556
435,401.5567472974967,0.9564999999999924,0.9799881185445523
436,401.56769454222996,0.9563999999999929,0.9800050815691154
437,401.27556251961767,0.9562999999999934,0.9800189143115329
438,401.8447538157365,0.9561999999999938,0.9800277957009829
439,401.16529654321636,0.9560999999999941,0.9799557911258039
440,401.47306930128195,0.9559999999999945,0.9799854119007887
441,401.26843044323994,0.9558999999999949,0.9799946997349958
442,401.27868331946576,0.9557999999999952,0.980008050054458
443,401.63886071911634,0.9556999999999956,0.9799711391684295
444,401.3877665073068,0.9555999999999958,0.979982825505994
445,401.1382719168471,0.9554999999999961,0.9800022796418953
446,401.1631346075007,0.9553999999999964,0.980001484496352
447,401.08983349319766,0.9552999999999966,0.9800066036607276
448,401.1762539418395,0.9551999999999968,0.9800077588484131
449,401.1727545843619,0.955099999999997,0.9800059212229132
450,401.43719154481744,0.9549999999999972,0.9800033865775274
451,400.71712164228404,0.9548999999999973,0.9800009747579721
452,401.0098074623277,0.9547999999999975,0.9800116251481233
453,400.91786570276986,0.9546999999999977,0.9799608394959088
454,401.1003753998062,0.9545999999999979,0.980027006772511
455,400.9531163017605,0.954499999999998,0.979961448776605
456,400.95301571753686,0.9543999999999981,0.9799811279895583
457,400.867385151248,0.9542999999999983,0.9799960344852319
458,400.5982141224228,0.9541999999999984,0.980011762422748
459,400.9374641904476,0.9540999999999984,0.9799476198034868
460,400.8220408765373,0.9539999999999985,0.9799995081715024
461,400.800857677343,0.9538999999999986,0.9800138571317327
462,400.82085371494713,0.9537999999999988,0.9800173917905324
463,400.62829752411204,0.9536999999999988,0.9799878053389303
464,400.77544416673027,0.9535999999999989,0.9799947390960394
465,400.5371758626423,0.953499999999999,0.97998922501358
466,400.38903308360835,0.953399999999999,0.9799931330408049
467,400.38482527304654,0.9532999999999991,0.9799819557724019
468,400.33975858619436,0.9531999999999992,0.9799844490642342
469,400.2096088346737,0.9530999999999992,0.980007596234114
470,400.5502861599157,0.9529999999999992,0.9800023016443501
471,400.27070606753546,0.9528999999999993,0.9800085966956567
472,400.1928524151463,0.9527999999999993,0.9800037426099903
473,400.20306759769153,0.9526999999999994,0.9800123172310465
474,400.6220670604101,0.9525999999999994,0.9800153579041472
475,399.84868489871656,0.9524999999999995,0.9799695414591938
476,399.8576815608535,0.9523999999999996,0.979985060126859
477,399.72041914469446,0.9522999999999996,0.9799959537768874
478,399.8826244248237,0.9521999999999996,0.9799996034232391
479,399.92567368903394,0.9520999999999995,0.9799882816866684
480,399.7572267847122,0.9519999999999996,0.9800159491560695
481,399.7019914882708,0.9518999999999996,0.9800346246556311
482,399.7813314813248,0.9517999999999996,0.9800032555362084
483,399.6246832842939,0.9516999999999997,0.9800014749269437
484,399.72717517315067,0.9515999999999997,0.9800148549986342
485,399.8282039463566,0.9514999999999998,0.9799673708365221
486,399.7084325744494,0.9513999999999998,0.9800004978550323
487,399.7027177701096,0.9512999999999998,0.9800171210415636
488,399.6971670076507,0.9511999999999998,0.9799887527442496
489,399.51231047341173,0.9510999999999998,0.9799785503307208
490,399.39178037321517,0.9509999999999997,0.9799967506954388
491,399.2406288924922,0.9508999999999997,0.9799989387540301
492,399.2664158447566,0.9507999999999998,0.9799841098016223
493,399.20084496530734,0.9506999999999999,0.9800366569469653
494,399.38215246119466,0.9505999999999999,0.9799916287224406
495,399.2716869072912,0.9504999999999999,0.9799798252023141
496,399.29194175287154,0.9503999999999999,0.9799983627825934
497,398.91959517622615,0.9502999999999999,0.9800158763543761
498,399.3386846619836,0.9501999999999999,0.980000304534393
499,398.96604722139745,0.9501,0.9800084918993481
500,398.80432514923393,0.9499999999999998,0.9799847593226718
501,398.879870390594,0.9498999999999999,0.9800260161835369
502,399.357821079198,0.9497999999999999,0.9800098230091336
503,398.8050315525344,0.9496999999999999,0.9800183218444518
504,398.77417068987273,0.9495999999999999,0.9800063858034643
505,398.7558277399851,0.9494999999999999,0.9800144252881536
506,398.7215628805634,0.9493999999999999,0.9799847323573125
507,398.56698827353694,0.9492999999999999,0.9799914063837604
508,398.6894752497482,0.9491999999999999,0.9800235467892404
509,398.81333062637077,0.9491,0.9800272762303618
510,398.6359068949972,0.949,0.9799799405115747
511,398.340341986728,0.9489,0.9800043672984038
512,398.43474653256817,0.9488,0.9799924638031339
513,398.35589235546047,0.9487,0.9799878105535592
514,398.4214170598428,0.9486,0.9800049811785598
515,398.60666544880024,0.9485,0.980019952767079
516,398.30151620168397,0.9484,0.9800078985178853
517,398.2703187001444,0.9483,0.9799944124762415
518,398.5602137474406,0.9482,0.9800090037151162
519,398.35786262071207,0.9480999999999999,0.9799937048605685
520,398.2621196088378,0.948,0.9800072069130549
521,398.4663193771339,0.9479,0.9800244209115516
522,398.1631293583382,0.9478,0.9799636753467686
523,397.6806295261534,0.9477,0.9800139420738087
524,398.14011752993474,0.9476,0.9799730855372241
525,397.6668079051264,0.9475,0.9800214805722517
526,397.9884043135893,0.9474,0.979988859915378
527,397.561153231967,0.9473,0.9799787057820312
528,397.7409541084515,0.9472,0.9800121586289543
529,397.7172887212614,0.9471,0.9800063684807288
530,397.6030084894939,0.947,0.9799825265633285
531,397.6359449729405,0.9469,0.9799780879714882
532,397.83967573072096,0.9468,0.9799967213882718
533,397.48699953091864,0.9467,0.9799789433418228
534,397.6689715876693,0.9466,0.9799814373259739
535,397.35822682685415,0.9465,0.9800020219365899
536,397.4542911451405,0.9464,0.9799831091692817
537,397.5036056740299,0.9463,0.980007459172303
538,397.2267340007891,0.9462,0.9800260591183461
539,397.1286665301786,0.9460999999999999,0.9799974021140321
540,397.4074970250705,0.946,0.9800022760369782
541,397.477777513479,0.9459,0.9800352917811008
542,397.2219356347011,0.9458,0.9799792316403928
543,397.1126515627845,0.9457,0.980020831911109
544,397.1796920885455,0.9456,0.980018726789118
545,397.1198689641681,0.9455,0.9800149400075994
546,397.111208363025,0.9454,0.9800225896418362
547,396.57626681980855,0.9453,0.98000490659844
548,396.79382394754265,0.9452,0.9799898059296063
549,396.79164747948505,0.9451,0.9800191415210004
550,396.9268368673393,0.945,0.9800198107547111
551,396.8910646153406,0.9449,0.9800193293490963
552,396.9291660353326,0.9448,0.9800007782370994
553,396.81981955254946,0.9447,0.9799874754368367
554,396.50062064531664,0.9446,0.9800033464772392
555,396.9473982990563,0.9445,0.9800164773942623
556,396.8742533262582,0.9444,0.9800179135115527
557,396.3821874161323,0.9443,0.9799924859717702
558,396.6231827944557,0.9442,0.9800055151326664
559,396.4160838044912,0.9440999999999999,0.97997711253545
560,396.5047016175249,0.944,0.9800172244684137
561,396.62536655782816,0.9439,0.9799863017660517
562,396.7749104805199,0.9438,0.980013732275469
563,396.4876399352653,0.9437,0.9799799013571037
564,396.36446403378915,0.9436,0.980018037046392
565,396.2095514087219,0.9435,0.9800056281430379
566,396.2603987950193,0.9434,0.9799863358855369
567,396.42788103354604,0.9433,0.9800120902024501
568,396.1360470482243,0.9432,0.9799896759579169
569,395.9443751476275,0.9431,0.9800131079605224
570,395.7718838382986,0.943,0.9799952064328588
571,396.10926276917223,0.9429,0.9799699029201953
572,396.01998848638067,0.9428,0.979982819842902
573,395.81910356973026,0.9427,0.9799924730557091
574,396.0745110214269,0.9426,0.9800239264187613
575,395.7749728396473,0.9425,0.9800157588896664
576,395.7840490327449,0.9424,0.9800283975294986
577,395.76303572503224,0.9423,0.9800289182035307
578,395.6615712849996,0.9422,0.979990648461973
579,395.72395651208916,0.9421,0.9799967038066676
580,395.8448355867692,0.942,0.9799928076782324
581,395.3947712793003,0.9419,0.9799882568536465
582,395.6428996900009,0.9418,0.9799677965743054
583,395.5446241930302,0.9417,0.979999742096983
584,395.4993520538222,0.9416,0.9799775184713468
585,395.5850867955775,0.9415,0.9799994024138966
586,395.39676920034987,0.9414,0.9800369998717384
587,395.43142487955424,0.9413,0.9799910927482554
588,395.43134053213583,0.9412,0.9800034061407755
589,395.1722817343473,0.9411,0.9800158551549323
590,395.2732198121439,0.941,0.9800049016376468
591,395.1333890134586,0.9409,0.9800051148628152
592,395.11239809576233,0.9408,0.9799936624309667
593,395.03671057974674,0.9407,0.979995944997777
594,395.13579744837006,0.9406,0.9799832116663922
595,395.0245232495963,0.9405,0.9800147953439343
596,395.03818288822424,0.9404,0.9799695453932737
597,394.92288394953374,0.9403,0.9800169820586447
598,394.5986532809415,0.9402,0.9799754526057547
599,394.8475799247978,0.9401,0.980016833744711
600,394.81130235618053,0.94,0.979993812560874
601,394.8011538232998,0.9399,0.9799784575043509
602,394.6103853511609,0.9398,0.9800101305753295
603,394.46134561873293,0.9397,0.9800162419670019
604,394.74310723906564,0.9396,0.9799923390313743
605,394.5413298980482,0.9395,0.9800126017892646
606,394.57846149684804,0.9394,0.9799600392288087
607,394.4559328855381,0.9393,0.979976905866591
608,394.4629217009923,0.9392,0.980022601202571
609,394.3420795333034,0.9391,0.9799960885487125
610,394.20779386730055,0.939,0.97996743425426
611,394.4222690632836,0.9389,0.9799877784687634
612,394.1887148656269,0.9388,0.9799838518903408
613,394.28316426927546,0.9387,0.9799970977183586
614,394.28501411596335,0.9386,0.9799935164343956
615,394.06561567874405,0.9385,0.9800031290964932
616,393.9138485655262,0.9384,0.9799987852015973
617,394.51756068942825,0.9383,0.9800237786521142
618,393.95011807211455,0.9382,0.9800074243597962
619,394.1128956490369,0.9381,0.980008003603621
620,394.3049986355774,0.938,0.9800203758667736
621,394.05851158370933,0.9379,0.979993201345894
622,393.8225561705774,0.9378,0.9799779327215675
623,393.822061099612,0.9377,0.9800211070816374
624,393.64389288303687,0.9376,0.9800023755537386
625,393.906839278759,0.9375,0.9800024369259636
626,393.80873023630227,0.9374,0.9799889245443038
627,393.5744921160568,0.9373,0.9799892126462362
628,393.43861425941117,0.9372,0.9800148071888463
629,393.34697426988305,0.9371,0.9800172193217115
630,393.71548460004107,0.937,0.9800137072339532
631,393.51941239790716,0.9369,0.9800138670396445
632,393.4942422096674,0.9368,0.9800099509927062
633,393.26761098787557,0.9367,0.9800023000242377
634,393.11166689195306,0.9366,0.9799969330204406
635,393.5012331071844,0.9365,0.9800211657269338
636,393.29547805258227,0.9364,0.9799934644980394
637,393.4073821099849,0.9363,0.9800064700691575
638,393.13534885050996,0.9362,0.9799859396974068
639,393.1198740045173,0.9361,0.9799884704053528
640,393.2468840024081,0.9359999999999999,0.979995870210194
641,393.20827266653356,0.9359,0.9799859410023571
642,393.1778737937463,0.9358,0.9800139525581294
643,392.94148855704776,0.9357,0.9799764260409584
644,393.06131783612767,0.9356,0.9800017352935021
645,393.10729053551637,0.9355,0.9800023172559926
646,392.8493627840106,0.9354,0.9799683333601924
647,392.73465887377665,0.9353,0.9799922875272127
648,393.02285269262825,0.9352,0.980004471585518
649,392.625584878311,0.9351,0.9800074974475925
650,392.811973505602,0.935,0.9799964271458519
651,392.64760763278014,0.9349,0.9800118371879571
652,392.2884157949994,0.9348,0.9799980883149165
653,392.77475830426783,0.9347,0.9800002387574275
654,392.04142324256253,0.9346,0.9800044008362497
655,392.1370562821384,0.9345,0.9800162110504643
656,392.5418033395678,0.9344,0.9799881832761338
657,392.4997572889351,0.9343,0.9799914866266416
658,392.2505850399261,0.9342,0.979988302568365
659,392.34829511623155,0.9341,0.9799941906406717
660,391.82970027044496,0.9339999999999999,0.980024941493842
661,392.363759296009,0.9339,0.9800100156232711
662,392.2404220528514,0.9338,0.9799802198918206
663,392.14588088782205,0.9337,0.97998949959012
664,392.11570735655357,0.9336,0.9800065188249238
665,392.1577417973734,0.9335,0.9799841473039174
666,392.02285889478304,0.9334,0.9799873155030046
667,391.65263637912557,0.9333,0.9800235201917509
668,392.33469134573477,0.9332,0.9799892734981132
669,392.11560269668126,0.9331,0.9800166948847135
670,391.6314294990152,0.933,0.9800219526598972
671,391.75660576878187,0.9329,0.9799871734673833
672,391.7340134034633,0.9328,0.979984436641107
673,391.9259095765019,0.9327,0.9799951710971072
674,391.3079016050107,0.9326,0.979980962453091
675,391.5612346450603,0.9325,0.9800021165988113
676,391.2948117625443,0.9324,0.9799964036301442
677,391.5152862013355,0.9323,0.980006305699218
678,391.43994987002486,0.9322,0.9800244292663802
679,391.4961762625633,0.9321,0.9800142958959921
680,391.33240280262027,0.9319999999999999,0.980008555656812
681,391.26440530296435,0.9319,0.9799656184220037
682,391.46622672389594,0.9318,0.9800077536065794
683,391.39487879521846,0.9317,0.9800301247196582
684,391.37008468736644,0.9316,0.9799473530183582
685,391.19853238625376,0.9315,0.9800120556846486
686,391.08629711890256,0.9314,0.9799972131920907
687,391.1248581001477,0.9313,0.9799851390774588
688,391.1931484815041,0.9312,0.9800140098609531
689,390.6747867280855,0.9311,0.9800298987483649
690,391.0901060240462,0.931,0.9800135569681768
691,391.0329905941047,0.9309,0.9799935087229085
692,390.94705562298617,0.9308,0.9799835009244222
693,390.8674396004346,0.9307,0.9800025291982836
694,390.3955296079311,0.9306,0.9800152696840688
695,390.7317573459127,0.9305,0.9799932313498882
696,391.0863116867074,0.9304,0.9799949218821823
697,390.7282949280842,0.9303,0.9800493501691288
698,390.62933819669206,0.9302,0.9800188630939941
699,390.6450073338644,0.9301,0.980020113054491
700,390.6631082526112,0.9299999999999999,0.9799744630226576
701,390.6751932752018,0.9299,0.9799876329277678
702,390.4752859870876,0.9298,0.9800013060068078
703,390.5495862017043,0.9297,0.9799824924509466
704,390.73024857467453,0.9296,0.9800279871971584
705,390.56899545105136,0.9295,0.9800246630562341
706,390.76430087943197,0.9294,0.9799906695427687
707,390.18917136582985,0.9293,0.9800311965546258
708,390.56216651784234,0.9292,0.979999925640796
709,390.08135217652284,0.9291,0.9800452823561943
710,390.242893596654,0.929,0.9800025302212544
711,390.2682955156005,0.9289000000000001,0.980010076260511
712,390.00514114661746,0.9288,0.9800244810295781
713,390.069647396784,0.9287,0.9800223428123017
714,390.1739560409691,0.9286,0.9800089315065953
715,389.8436545005642,0.9285,0.9799975317866695
716,390.22495583396096,0.9284,0.9800089909757098
717,389.6397030554341,0.9283,0.9799857268521062
718,390.18903917401843,0.9282,0.980002660462116
719,389.9801194342892,0.9281,0.979980600811659
720,389.7440392971467,0.9279999999999999,0.9799688565547996
721,389.6463719544521,0.9279,0.980000881845896
722,389.5858080193872,0.9278,0.9800220742813172
723,389.60984419123713,0.9277,0.9800161901529405
724,389.58337338463036,0.9276,0.9799985675459638
725,389.7732840841613,0.9275,0.9800305507545849
726,389.85819115399573,0.9274,0.9799900484502492
727,389.501466405441,0.9273,0.9799664616024658
728,389.27357661378767,0.9272,0.979961840163575
729,389.2849243218001,0.9271,0.9799793437393582
730,389.3074311636887,0.927,0.9800142808524546
731,389.1147582366349,0.9269000000000001,0.9799888987891499
732,389.0462857337829,0.9268,0.9800080610860818
733,389.58704440553237,0.9267,0.9800287896372151
734,389.2258299642609,0.9266,0.9799807618829359
735,388.981799331605,0.9265,0.9800083678386257
736,389.23326033121043,0.9264,0.9800094252007211
737,388.8363916238145,0.9263,0.9799849477102954
738,388.8090375006142,0.9262,0.9800236819745854
739,388.81915197754586,0.9261,0.9799949686780319
740,389.2143106739849,0.9259999999999999,0.979993289059945
741,388.8330167995281,0.9259,0.9800369271652153
742,388.40166052548494,0.9258,0.9800091419648712
743,389.00925080788284,0.9257,0.9800161811626781
744,388.6974997993513,0.9256,0.9800236939012765
745,388.3810207630375,0.9255,0.9799886247345694
746,388.61166722113364,0.9254,0.9800218564411977
747,388.71867801578384,0.9253,0.9799912230484524
748,388.6558736947601,0.9252,0.9799904758136089
749,388.86190841702154,0.9251,0.9799952433580977
750,388.34830663658715,0.925,0.9799891215442609
751,388.46631074022974,0.9249,0.9800143775887349
752,388.29155814253124,0.9248,0.980004672887972
753,388.09966927364536,0.9247,0.9799914096365006
754,388.48952074086657,0.9246,0.9800117955118772
755,388.3724080294244,0.9245,0.9799951877042438
756,388.2984617259296,0.9244,0.9799942628182742
757,388.2819189490232,0.9243,0.9800008513670238
758,388.0420656646239,0.9242,0.980008104835192
759,387.94310340098497,0.9241,0.9800068175215194
760,388.0866968477105,0.924,0.9799936476233193
761,388.2445603911647,0.9238999999999999,0.9800148139892476
762,388.2820504482065,0.9238,0.9799961108476267
763,388.09549438312627,0.9237,0.9799885458566875
764,387.91718965021585,0.9236,0.9799743277426515
765,387.9179901195175,0.9235,0.9800171934868978
766,387.83006235670126,0.9234,0.9800002166733882
767,387.60350157023856,0.9233,0.9800036876632302
768,387.7483843628075,0.9232,0.9800182886414585
769,387.46455628475087,0.9231,0.9799916512841295
770,387.63792870419184,0.923,0.979975964978966
771,387.9090361635526,0.9229,0.9800012203009041
772,387.7223731087885,0.9228,0.9800053855256324
773,387.3697922946747,0.9227,0.979995403385995
774,387.47911606092913,0.9226,0.980025772215553
775,387.3015781906923,0.9225,0.979956522774721
776,387.39687982982167,0.9224,0.9800195871649966
777,387.5511959405319,0.9223,0.9800138354227483
778,387.44015936158644,0.9222,0.9800079878501549
779,387.72388833485684,0.9221,0.9799416629018113
780,387.4521220978416,0.922,0.9800224522051693
781,387.23428830928253,0.9218999999999999,0.9799820500735383
782,387.2764538323028,0.9218,0.979991121657413
783,387.0779886921872,0.9217,0.9799970167341906
784,386.8714355568379,0.9216,0.98000712478637
785,387.2622761559391,0.9215,0.9800111820975316
786,387.16748297245795,0.9214,0.9800156136883273
787,386.9031204237618,0.9213,0.9800142673653941
788,386.95272865772506,0.9212,0.980004423103898
789,387.0827426515323,0.9211,0.9800072735123145
790,386.97055198501914,0.921,0.9799809252744195
791,386.5177383748178,0.9209,0.9799868663016812
792,386.77933599104347,0.9208,0.9800156595002034
793,386.6641811113768,0.9207,0.9800146408313637
794,386.8499845007578,0.9206,0.9800126575550866
795,386.7934055289056,0.9205,0.9799910040567176
796,386.80255862405045,0.9204,0.9800159223730417
797,386.3271450013259,0.9203,0.9799796925566774
798,386.3445194671228,0.9202,0.9800188404975628
799,386.6401769239606,0.9201,0.979995437981211
800,386.294755949869,0.92,0.9800294521924295
801,386.0873621204408,0.9198999999999999,0.9799733935443247
802,386.4107401468725,0.9198,0.9800308378030489
803,386.1766588484757,0.9197,0.9799936788362158
804,386.55037431224855,0.9196,0.9799933637973752
805,386.24268635599145,0.9195,0.9800034072742092
806,386.1765074887034,0.9194,0.9799878097238848
807,386.04031759063946,0.9193,0.9799987351353185
808,386.34698341557123,0.9192,0.9799871006457398
809,386.0857809354394,0.9191,0.9799877400422534
810,385.9073346609535,0.919,0.9800085144939286
811,385.7967455818008,0.9189,0.9799842337329076
812,385.8829303531989,0.9188,0.9799865660836056
813,385.6800927229234,0.9187,0.9799759930990943
814,385.9950203581987,0.9186,0.9799911874337053
815,385.448325719793,0.9185,0.9800229368448852
816,385.70318275121514,0.9184,0.9799852066036446
817,385.79453271288446,0.9183,0.9799872054492627
818,385.7048574124368,0.9182,0.9800033912402585
819,385.474407167916,0.9181,0.9799935156395817
820,385.6774491539129,0.918,0.9800389651978724
821,385.3603881799022,0.9178999999999999,0.9799971577668906
822,385.4720181381336,0.9178,0.9800058621830674
823,385.54995188421856,0.9177,0.9800165043036941
824,385.47434456241876,0.9176,0.9800161686995087
825,385.22992167321064,0.9175,0.9800040796529362
826,385.5210145598342,0.9174,0.9799971822579676
827,385.28142153699207,0.9173,0.9800353955144396
828,385.35616665148007,0.9172,0.9799982554266395
829,385.45400189510104,0.9171,0.979992275875469
830,385.33878850759663,0.917,0.9799887056151728
831,385.2972525804056,0.9169,0.9799698022599004
832,385.0902745873806,0.9168,0.9800143681335017
833,385.1552279872503,0.9167,0.979958937788
834,385.0099953141192,0.9166,0.9799998999209278
835,384.71488108660435,0.9165,0.9799964174677341
836,384.94185313653713,0.9164,0.9800391717403588
837,384.8916023984698,0.9163,0.9799679687137068
838,384.907835843327,0.9162,0.9799842418158475
839,384.7392314453569,0.9161,0.9799976199919705
840,384.5845495924919,0.916,0.9799965456749294
841,384.7947816239671,0.9158999999999999,0.9799903897533312
842,384.4023904808398,0.9158,0.9799985837113138
843,384.85349990735136,0.9157,0.9799779732004978
844,384.5108345368071,0.9156,0.9800062464661338
845,384.5536754196149,0.9155,0.9799594026633172
846,384.5673582997812,0.9154,0.9799995493543734
847,384.5310736785274,0.9153,0.9799895011687538
848,384.1333648895123,0.9152,0.9800177724937698
849,384.48859143552784,0.9151,0.9800306962758825
850,384.3539260751681,0.915,0.9799942106736103
851,384.1449974581599,0.9149,0.9800243205364063
852,384.082646591388,0.9148000000000001,0.9799944718672812
853,384.1145774563045,0.9147,0.9799831047118727
854,383.90097523547297,0.9146,0.9800305317618366
855,384.39636301472217,0.9145,0.9800091071592313
856,384.3123618538486,0.9144,0.9800000776193558
857,384.08635002929617,0.9143,0.9800120171231804
858,383.92426109959877,0.9142,0.9800047953781584
859,383.88693773398586,0.9141,0.979998789514817
860,384.0148474088962,0.914,0.9799768037642556
861,384.15068846586155,0.9138999999999999,0.9799952689466505
862,383.6945358106151,0.9138,0.9800108992763412
863,383.55519984212594,0.9137,0.9799978530155615
864,383.9872998144114,0.9136,0.9800157795623595
865,383.35209746739446,0.9135,0.9800067092270158
866,383.44859897291593,0.9134,0.9799846434542951
867,383.5420880450078,0.9133,0.9799769307748173
868,383.26642457589804,0.9132,0.979997251316489
869,383.69983300867506,0.9131,0.9799908324733219
870,383.61242934016934,0.913,0.9800058814800556
871,383.31575374784825,0.9129,0.9799874414557831
872,383.6036222851829,0.9128000000000001,0.9799892382308051
873,383.5918052629362,0.9127,0.9800184157207891
874,383.2718688048269,0.9126,0.9800025917225087
875,383.16983355067765,0.9125,0.9799877109509355
876,383.60994600032154,0.9124,0.9800003085138794
877,383.2942828154748,0.9123,0.9800241139252414
878,383.16959593582396,0.9122,0.9800051376404928
879,383.32455237549686,0.9121,0.9800103693196809
880,383.09370848920474,0.912,0.9799868451813197
881,382.9080584219277,0.9119,0.9800179496688073
882,382.9702591016998,0.9117999999999999,0.9800405381745159
883,383.09875949807946,0.9117,0.9799861590862651
884,382.51762298561374,0.9116,0.9799793314449455
885,382.77876407337845,0.9115,0.9800030698223443
886,383.0340231415753,0.9114,0.9800153105309914
887,382.6549470384676,0.9113,0.9799984018088685
888,382.9790272589148,0.9112,0.9799815818890253
889,382.91365963417,0.9111,0.9799981011175499
890,382.6083434491773,0.911,0.9800104592318225
891,382.4768662176702,0.9109,0.9799928819674975
892,382.4848835871524,0.9108,0.9800106194667532
893,382.96799104988804,0.9107,0.9800203680613568
894,382.78542924997396,0.9106,0.9800042010705039
895,382.43230498954034,0.9105,0.9799995112589945
896,382.2598194953563,0.9104,0.9800145032811313
897,382.346819673353,0.9103,0.9799850288033717
898,382.32737279605925,0.9102,0.9799833043630083
899,382.02082695031646,0.9101,0.9799953382756266
900,382.2142380240532,0.91,0.979991398181383
901,382.3932339582989,0.9099,0.9799859514320202
902,381.795924069687,0.9097999999999999,0.9800320106027033
903,382.22103567913183,0.9097,0.9800379830697185
904,382.27655392521746,0.9096,0.9799938145279548
905,381.8902860769086,0.9095,0.9800016039494265
906,382.2493659757276,0.9094,0.9799967150694121
907,381.7832004017884,0.9093,0.9800193675655461
908,381.94246134388675,0.9092,0.9800228326802248
909,381.76743018987656,0.9091,0.9799689198223647
910,381.7253904022214,0.909,0.9800083243130442
911,381.6281926582446,0.9089,0.979977146758151
912,381.82026507721616,0.9088,0.980030748058357
913,381.8049885168262,0.9087,0.9800076989060333
914,381.60054035129457,0.9086,0.9799856015466432
915,381.3280840442969,0.9085,0.9799957798546227
916,381.5997173351493,0.9084,0.9799949464651639
917,381.5610694068074,0.9083,0.9800091829944184
918,381.4054499673098,0.9082,0.9800182206090295
919,381.7341497052768,0.9081,0.9799799205460534
920,381.081802731147,0.908,0.9800321555058726
921,380.9235817316623,0.9079,0.9800280797559794
922,381.1459965032681,0.9077999999999999,0.9799846926427077
923,381.3603728287116,0.9077,0.9800012731327238
924,381.0041826216444,0.9076,0.980029918031015
925,380.97550142357267,0.9075,0.9800215608559135
926,381.27717103879536,0.9074,0.9799941111537864
927,381.14827966041935,0.9073,0.9800142408944079
928,381.0910729281714,0.9072,0.9800524139721878
929,381.1210033399061,0.9071,0.98000183900157
930,380.8643651736745,0.907,0.9799889364651156
931,380.8305849725381,0.9069,0.9800030152190321
932,381.0000464009826,0.9068,0.9800043116181909
933,380.57476678291863,0.9067,0.9799908270820368
934,380.3908454154778,0.9066,0.980007722987193
935,380.6529258787812,0.9065,0.9799780634659914
936,380.85358703291655,0.9064,0.9799883613727888
937,380.6914598631042,0.9063,0.9800132599236823
938,380.75649804477126,0.9062,0.9799693114225174
939,380.20333443695154,0.9061,0.980015794284008
940,380.57612168809504,0.906,0.9799648151623348
941,380.59431173063507,0.9059,0.97996972319163
942,380.1957153770456,0.9057999999999999,0.9799912740314736
943,380.5473458530807,0.9057,0.980005016576154
944,380.33216262427607,0.9056,0.980023175753779
945,380.8563402350036,0.9055,0.9800010076870502
946,379.8807055477449,0.9054,0.9799956883553664
947,380.4695429059247,0.9053,0.9800101355173918
948,380.1138857637549,0.9052,0.9799847700211626
949,379.8543353335889,0.9051,0.9800024380443245
950,380.0062633553589,0.905,0.9799790244966511
951,380.10735898882126,0.9049,0.9800014443145342
952,380.20054824043297,0.9048,0.9799977294670189
953,380.28030909771434,0.9047,0.9799859352393925
954,380.184931371486,0.9046,0.9800028861738501
955,379.71827443185106,0.9045,0.9800027726617668
956,380.0490376925599,0.9044,0.9800205559352149
957,379.87560315204615,0.9043,0.9799719212356538
958,379.64755689947594,0.9042,0.9799986700828758
959,379.68430459415936,0.9041,0.9799867047928115
960,379.5537306772085,0.904,0.9800152100995296
961,379.6445981169697,0.9039,0.9800131841547242
962,379.4662058752866,0.9037999999999999,0.9800088816279349
963,379.37113677850743,0.9037,0.9799876916062193
964,379.59722740497017,0.9036,0.9800154848048044
965,379.5818408135814,0.9035,0.9799732415969392
966,379.3946295821417,0.9034,0.9799696534836528
967,379.62928265097236,0.9033,0.9799776880070669
968,379.2976736861988,0.9032,0.9799994146040379
969,379.248141393078,0.9031,0.9800118070426749
970,379.377490116158,0.903,0.9799479561683477
971,379.19444366859534,0.9029,0.980023131671399
972,379.1910841199468,0.9028,0.9800022928449622
973,378.6856554907086,0.9027,0.9799725833367614
974,379.0949719686869,0.9026,0.9800017653258738
975,378.72497192432417,0.9025,0.9800191057084403
976,378.79081299424496,0.9024,0.9800104828181676
977,378.7284681041164,0.9023,0.9800192202114528
978,378.738541621303,0.9022,0.9799761075491625
979,378.7843679342948,0.9021,0.979992760018935
980,378.7534609729485,0.902,0.9799838293005214
981,378.91616362270247,0.9019,0.9800300364514908
982,378.7955591309063,0.9017999999999999,0.9800111809573591
983,378.3758301569943,0.9017,0.9800497875238439
984,378.6868167447183,0.9016,0.9799918226054155
985,378.68661236884856,0.9015,0.9799873271467953
986,378.5295534260343,0.9014,0.9799975022969005
987,378.5351693870899,0.9013,0.9800241042367026
988,378.53785303818324,0.9012,0.9799935974248787
989,378.598009680618,0.9011,0.9800021761218848
990,378.13985477788776,0.901,0.9800016908937342
991,378.3345400210808,0.9009,0.9800006907057663
992,378.60430815971637,0.9008,0.9799885910802577
993,378.546000723884,0.9007000000000001,0.9799975991010554
994,378.40336767025616,0.9006,0.979996850427693
995,378.3054922733918,0.9005,0.9799998677118351
996,378.46233228106007,0.9004,0.9800164998973881
997,378.4671535854571,0.9003,0.9800307892571188
998,378.0610387952038,0.9002,0.9799853027661206
999,377.8695539283566,0.9001,0.9799931449504011
1000,377.95191944658706,0.9,0.9799855724758628
